LSOA name,Bicycle theft,Burglary,Criminal damage and arson,Drugs,Other crime,Other theft,Possession of weapons,Public order,Robbery,Shoplifting,Theft from the person,Vehicle crime,Violence and sexual offences,Latitude,Longitude,Cluster
Babergh 005A,0,1,1,0,0,0,0,0,0,0,0,0,5,52.02837271428571,1.0813028571428571,2
Babergh 005B,0,0,0,0,0,1,0,1,0,0,0,0,7,52.06222155555556,1.1077168888888889,2
Babergh 005C,0,0,1,0,0,2,1,4,0,0,0,0,6,52.03693592857143,1.105351,2
Babergh 005D,0,0,0,0,0,0,0,0,0,0,0,0,2,52.034153,1.1184370000000001,2
Babergh 005E,0,0,0,0,0,1,0,1,0,1,0,0,5,52.03962475,1.106522125,2
Babergh 005F,0,0,0,0,0,0,0,0,0,0,0,0,6,52.03939383333333,1.10941,2
Babergh 010A,0,0,0,0,1,0,0,0,0,0,0,0,2,51.964369,1.064551,2
Babergh 010B,0,0,0,0,0,0,0,0,0,0,0,0,3,51.96643533333333,1.0729870000000001,2
Babergh 010C,0,1,1,0,0,1,0,0,0,0,0,0,2,51.9739136,1.01626,2
Babergh 010D,0,0,1,0,5,0,0,0,0,0,0,0,2,51.979076375000005,1.028833375,2
Babergh 010E,0,0,0,0,0,0,0,0,0,1,0,3,3,52.00039642857143,1.0493005714285715,2
Babergh 010F,0,0,4,0,2,0,0,2,0,0,0,0,1,52.00246811111111,1.049208222222222,2
Babergh 010G,0,1,0,0,0,0,0,2,0,0,0,0,1,51.994073,1.021154,2
Babergh 011A,0,0,0,0,0,0,0,0,0,0,0,0,1,51.969163,1.118274,2
Babergh 011B,0,0,0,0,1,0,0,0,0,0,0,1,7,51.98574466666666,1.2166602222222223,2
Babergh 011C,0,0,0,0,0,0,0,0,0,0,0,0,1,51.970059,1.252611,2
Babergh 011D,0,0,0,0,0,0,0,1,0,0,0,0,2,51.98466,1.1558163333333333,2
East Suffolk 024A,0,0,0,0,0,0,0,0,0,0,0,0,1,52.064886,1.249301,2
East Suffolk 024C,0,0,0,0,0,0,0,0,0,0,0,0,1,52.063653,1.225762,2
East Suffolk 024D,0,0,0,1,0,0,0,1,0,0,0,0,0,52.058147000000005,1.2304205000000001,2
East Suffolk 025A,0,0,0,0,0,0,0,0,0,0,0,0,1,52.059599,1.25347,2
East Suffolk 025B,0,0,0,0,0,0,0,1,0,0,0,0,2,52.06811,1.2757473333333333,2
East Suffolk 025C,0,0,0,0,1,0,0,2,0,0,0,0,11,52.064298071428574,1.271742142857143,2
East Suffolk 025H,0,0,0,1,0,0,0,0,0,0,0,0,0,52.066284,1.256977,2
East Suffolk 026A,0,0,0,0,0,0,0,0,0,2,0,0,0,52.0361915,1.2069320000000001,2
East Suffolk 026E,0,0,0,0,0,0,0,1,0,0,0,0,0,52.048134,1.219348,2
Ipswich 001A,1,6,29,11,12,31,5,23,3,14,2,12,194,52.08131758892128,1.128494224489796,1
Ipswich 001B,0,6,5,0,2,6,1,11,1,12,0,7,28,52.08129368354431,1.1451905696202531,2
Ipswich 001C,1,6,7,3,0,4,0,2,0,2,0,6,36,52.086666179104476,1.1465284626865673,2
Ipswich 001D,5,19,56,9,12,31,3,60,1,239,2,27,280,52.08466839516129,1.1247159758064516,1
Ipswich 001E,2,9,45,14,27,22,8,28,1,24,1,4,264,52.083092447661464,1.1367568017817373,1
Ipswich 002A,1,5,6,2,3,8,1,4,0,56,0,31,39,52.07431125,1.1486719230769231,1
Ipswich 002B,1,7,12,8,1,13,0,4,1,0,0,23,85,52.069788187096776,1.139342735483871,1
Ipswich 002C,1,2,21,2,4,16,1,15,1,37,2,17,72,52.07878495287958,1.1378718586387435,1
Ipswich 002D,7,8,26,2,4,22,4,25,1,92,3,24,90,52.07769844480519,1.1280613051948052,1
Ipswich 002E,1,8,26,3,5,10,2,6,1,1,0,28,66,52.07400088535032,1.1358503375796178,1
Ipswich 003A,3,12,53,14,9,73,5,28,1,100,2,34,179,52.066373407407404,1.1224044230019492,1
Ipswich 003B,4,12,26,13,6,18,5,22,3,0,1,33,191,52.07198182035928,1.1149881646706588,1
Ipswich 003C,9,13,44,11,13,26,5,45,3,25,3,21,263,52.073494193347194,1.123211898128898,1
Ipswich 003D,2,6,30,10,13,16,9,24,0,13,0,21,150,52.06905503741497,1.1199232687074832,1
Ipswich 003E,7,14,55,10,11,46,9,39,3,92,3,19,207,52.08073198834951,1.1168043669902914,1
Ipswich 004A,0,1,5,1,5,4,0,5,1,0,0,8,28,52.0672229137931,1.177161844827586,2
Ipswich 004B,7,9,30,6,9,22,6,21,0,15,1,15,213,52.069317005649715,1.1918679858757062,1
Ipswich 004C,2,8,17,6,4,16,0,25,1,0,0,16,72,52.06495489221557,1.1856039580838325,1
Ipswich 004D,3,10,11,3,0,9,1,7,3,35,0,18,52,52.06249169078947,1.1752969342105262,1
Ipswich 004E,2,19,14,4,11,18,2,22,0,8,1,12,159,52.07106627573529,1.1829167610294118,1
Ipswich 005A,6,9,17,7,7,14,3,11,1,0,2,35,92,52.06255318137255,1.1655927745098038,1
Ipswich 005B,1,16,16,2,1,10,0,9,0,0,0,22,38,52.06877304347827,1.1569306956521739,1
Ipswich 005C,2,10,22,0,3,16,2,14,2,0,2,27,63,52.06578034355829,1.1452380368098158,1
Ipswich 005D,5,27,51,19,5,28,7,54,9,5,11,16,224,52.05982747288503,1.161089464208243,1
Ipswich 005E,0,14,5,1,0,4,1,5,0,0,0,16,28,52.07068798648649,1.1687377432432433,2
Ipswich 006A,16,30,113,36,16,64,7,67,8,50,8,56,373,52.06512150236967,1.136321248815166,0
Ipswich 006B,14,16,81,29,11,64,14,63,11,152,8,47,334,52.0613464964455,1.1377552097156398,0
Ipswich 006C,9,27,100,47,24,78,19,93,15,11,11,44,485,52.06171771028038,1.1427857248182762,0
Ipswich 006D,13,22,77,27,10,79,11,104,15,60,9,50,457,52.06063059635974,1.1507207676659528,0
Ipswich 006E,5,11,48,7,9,18,4,41,4,0,2,31,213,52.067293773536896,1.130734027989822,1
Ipswich 007A,6,19,15,2,7,14,1,20,0,61,0,14,84,52.057414633744855,1.1814006296296296,1
Ipswich 007C,4,18,42,15,12,24,5,23,2,0,2,36,207,52.05898713589743,1.1707499948717948,1
Ipswich 007D,9,6,18,5,8,18,1,30,1,1,1,26,111,52.05449431914894,1.1772356978723406,1
Ipswich 007E,9,18,35,7,2,21,3,16,7,0,2,23,131,52.05701396350365,1.1675227664233576,1
Ipswich 007F,32,33,87,31,16,62,9,77,8,13,14,17,320,52.053516162726005,1.154950511821975,0
Ipswich 007G,92,55,280,176,58,289,59,567,62,1304,123,25,1786,52.05679971328958,1.1538612971698112,3
Ipswich 007H,64,40,212,75,32,154,38,261,35,350,59,38,773,52.05705126231816,1.1593469723134677,0
Ipswich 008A,2,18,30,2,6,33,11,24,0,13,0,20,111,52.06038137037037,1.1815163666666666,1
Ipswich 008B,3,7,19,1,6,8,1,5,1,2,2,8,76,52.05845864028777,1.1875199496402877,2
Ipswich 008C,3,2,37,3,7,23,7,36,0,0,2,11,311,52.05731868099548,1.1939455248868778,1
Ipswich 008D,6,7,54,6,8,33,1,41,2,5,2,44,204,52.05055710169491,1.1895852711864408,1
Ipswich 008E,3,6,30,9,10,14,6,12,0,5,0,16,114,52.053516439999996,1.1874657155555555,1
Ipswich 009A,4,7,23,1,5,16,3,16,1,14,0,11,99,52.061893285,1.19929828,1
Ipswich 009B,3,10,29,8,6,20,1,10,0,1,0,20,57,52.06174392727273,1.190108593939394,1
Ipswich 009C,34,14,42,7,14,40,9,68,1,1,2,19,294,52.05616616513762,1.1988933192660551,1
Ipswich 009D,2,4,13,1,6,7,3,12,1,0,2,10,84,52.04929515862069,1.1984145379310345,2
Ipswich 009E,0,2,4,1,1,5,1,2,1,10,0,8,35,52.04500794285715,1.2044158857142857,2
Ipswich 010A,3,6,43,18,11,23,6,34,2,1,2,11,188,52.05448173275862,1.1252751551724138,1
Ipswich 010B,28,26,143,55,35,104,30,163,10,343,17,48,501,52.05448363473054,1.1370126061210912,0
Ipswich 010C,0,12,39,10,15,19,8,46,5,3,4,13,315,52.048975613496935,1.1308139100204497,1
Ipswich 010D,6,6,27,18,18,20,4,20,1,5,1,23,162,52.048930694533766,1.1278361061093247,1
Ipswich 010E,18,46,98,47,15,77,14,101,15,84,15,37,486,52.05740068850903,1.1423781291547959,0
Ipswich 011B,6,7,21,4,1,16,1,15,1,6,1,24,81,52.050058130434785,1.179257,1
Ipswich 011C,3,8,24,10,3,10,5,19,0,1,2,23,57,52.04295466666666,1.1716114181818182,1
Ipswich 011D,4,16,20,3,5,20,4,15,3,2,0,19,88,52.04615553768844,1.1767244170854272,1
Ipswich 011E,9,18,46,12,7,24,5,36,6,89,3,29,182,52.05221085407725,1.171590549356223,1
Ipswich 011F,18,20,50,18,5,34,7,42,4,89,3,25,205,52.050679551923075,1.1645287865384617,1
Ipswich 012A,3,10,53,13,11,21,4,33,2,1,3,17,198,52.0481844796748,1.1526871029810297,1
Ipswich 012B,2,4,45,2,4,32,5,23,0,1,2,13,182,52.04018396825397,1.1509301174603175,1
Ipswich 012C,5,8,28,2,18,24,5,30,0,0,1,13,207,52.044747486803516,1.1472513137829912,1
Ipswich 012D,2,3,32,6,10,21,2,48,1,3,2,10,197,52.040181626112755,1.1439707893175073,1
Ipswich 012F,15,24,103,20,14,45,9,63,10,55,6,36,467,52.04773076009227,1.1563006320645906,0
Ipswich 012G,4,9,52,21,9,17,7,36,9,5,6,13,226,52.050232224637675,1.1528508188405797,1
Ipswich 013A,2,11,36,9,5,22,3,28,3,0,8,15,194,52.04442837797619,1.124661836309524,1
Ipswich 013B,8,10,31,14,4,24,5,41,1,130,4,12,195,52.04643006263048,1.1208064739039667,1
Ipswich 013C,0,4,25,3,4,8,1,24,2,3,1,13,116,52.04543832352941,1.1130064705882354,1
Ipswich 013D,0,6,27,10,3,14,1,13,6,21,2,11,116,52.03922065217391,1.1150829086956522,1
Ipswich 013E,1,0,18,4,4,9,2,13,1,4,2,9,95,52.04100294444444,1.1185380864197532,2
Ipswich 014B,1,8,49,7,15,20,9,45,2,0,2,22,219,52.039385964912285,1.1922989298245614,1
Ipswich 014C,4,9,22,3,4,15,7,29,2,56,2,24,90,52.04663961797753,1.1836734344569286,1
Ipswich 014D,3,8,37,10,14,13,5,38,0,15,1,25,271,52.041509488636365,1.1894110977272727,1
Ipswich 014E,13,50,69,18,14,55,13,58,3,64,4,58,277,52.0284813045977,1.2001365991379311,0
Ipswich 014F,4,9,19,2,3,21,0,23,0,25,2,15,104,52.03218113215859,1.195876207048458,1
Ipswich 014G,6,13,61,9,16,15,7,46,2,1,1,19,249,52.03694648764045,1.1968241213483146,1
Ipswich 015A,2,6,25,9,17,24,3,21,3,0,3,7,197,52.038806129337544,1.123593094637224,1
Ipswich 015B,0,9,42,10,10,26,4,40,0,8,1,7,218,52.04079104266667,1.1277191706666665,1
Ipswich 015C,0,5,25,5,10,17,3,20,0,22,1,14,78,52.039953704999995,1.13748038,1
Ipswich 015D,0,2,5,0,4,7,2,10,0,1,0,11,53,52.0369301368421,1.1310986631578948,2
Ipswich 015E,1,7,35,5,19,17,7,43,0,0,0,8,311,52.032382960264904,1.1305093554083885,1
Ipswich 016A,1,6,24,2,9,8,2,30,2,2,2,20,134,52.035641847107435,1.1870730661157025,1
Ipswich 016B,3,12,55,7,16,36,8,42,4,63,3,20,220,52.03520227811861,1.180530026584867,1
Ipswich 016C,4,28,63,20,15,29,5,64,2,0,0,21,260,52.03666090606654,1.171120794520548,1
Ipswich 016D,2,13,18,1,8,13,1,20,2,0,1,13,111,52.03129116748769,1.1852869408866995,1
Ipswich 016E,0,4,32,7,9,19,1,18,0,0,1,25,191,52.03163861237785,1.178408250814332,1
Ipswich 016F,11,15,29,5,7,17,4,28,4,62,0,29,105,52.039369202531645,1.1831269620253164,1
Mid Suffolk 007B,0,0,0,0,0,2,0,1,0,0,0,0,0,52.14823166666667,1.0930313333333332,2
Mid Suffolk 007C,0,0,0,0,0,0,0,0,0,0,0,1,0,52.14877,1.075481,2
Mid Suffolk 011A,0,1,0,0,0,0,0,0,0,0,0,0,0,52.144852,1.035127,2
Mid Suffolk 011B,0,1,1,0,0,2,0,2,0,0,0,0,2,52.110450375,1.0951325,2
Mid Suffolk 012A,0,2,1,0,0,0,0,1,0,0,0,0,1,52.0822172,1.100809,2
Mid Suffolk 012B,0,0,0,0,0,0,0,4,0,0,0,0,2,52.078915333333335,1.0968478333333334,2
Mid Suffolk 012C,0,0,2,0,0,1,0,0,0,0,0,0,2,52.105103,1.1156994,2
Mid Suffolk 012D,0,1,0,0,0,0,0,0,0,0,0,0,3,52.119524999999996,1.1153707499999999,2
Mid Suffolk 012E,0,0,0,0,0,1,0,1,0,0,0,0,3,52.10802579999999,1.1090444,2
Suffolk Coastal 006A,0,0,0,0,0,0,0,0,0,0,0,2,3,52.1028786,1.2486458,2
Suffolk Coastal 006B,0,0,1,0,1,0,0,0,0,0,0,0,1,52.144361333333336,1.2294453333333333,2
Suffolk Coastal 006C,0,1,1,0,0,0,0,0,0,0,0,0,1,52.088050333333335,1.2030573333333334,2
Suffolk Coastal 008B,0,0,0,0,2,0,0,0,0,0,0,1,2,52.0937506,1.2978096000000001,2
Suffolk Coastal 008C,0,0,0,0,0,0,0,1,0,0,0,0,0,52.086259,1.292246,2
Suffolk Coastal 009A,0,0,0,0,0,0,0,2,0,0,0,0,6,52.06183175,1.243326875,2
Suffolk Coastal 009B,1,0,0,0,0,0,0,1,0,0,0,0,0,52.066442,1.24471,2
Suffolk Coastal 009C,0,0,0,0,0,1,0,0,0,0,0,0,0,52.06117,1.225787,2
Suffolk Coastal 009D,0,0,0,0,0,1,0,2,0,0,0,0,1,52.05803575,1.230212,2
Suffolk Coastal 009E,0,0,0,0,0,1,0,0,0,0,0,0,0,52.069103,1.202074,2
Suffolk Coastal 010A,0,0,0,0,0,0,0,0,0,0,0,0,2,52.059707,1.255418,2
Suffolk Coastal 010C,0,0,1,0,0,2,0,0,0,1,1,0,3,52.071844375,1.2797717499999999,2
Suffolk Coastal 010D,0,0,0,0,6,1,0,0,0,3,0,0,12,52.06425031818182,1.2722675,2
Suffolk Coastal 010E,0,0,0,0,0,0,0,0,0,0,0,0,1,52.059795,1.267813,2
Suffolk Coastal 010H,0,0,0,0,0,1,0,0,0,0,0,0,0,52.05871,1.249495,2
Suffolk Coastal 010I,0,0,6,0,0,0,0,0,0,1,0,0,2,52.06599422222222,1.2592326666666667,2
Suffolk Coastal 011A,0,0,1,0,1,1,0,2,0,8,1,0,5,52.03605752631579,1.208209947368421,2
Suffolk Coastal 011B,0,1,0,0,0,1,0,0,0,0,0,1,2,52.025613199999995,1.251759,2
Suffolk Coastal 011C,0,0,0,0,0,0,0,0,0,0,0,0,2,52.064992,1.207463,2
Suffolk Coastal 011E,0,0,0,0,0,1,0,0,0,0,0,0,0,52.047624,1.217284,2
